id,d,n,m,K,ε,time,exact,sqerror,optval,dist_after_rounding,ν
1,2,6,2,2,0.4,7.174173132,true,6.6709513099418e-14,0.03999999764012461,0.039999999855753254,[0.0; 0.0; 0.0; 0.0; 0.0; 0.0; 0.0; 0.0; 0.0; 0.0; 0.0; -0.05775516374022535; -0.04821348496232792; 0.05969431359949833; 0.0007299979835710584; -0.029026551899439108; 0.020013340834580298; -0.08089544743443616; 0.0031727943462949155; 0.11291623726827288; 0.10113637204793123]
2,2,6,2,2,0.4,7.276419908,true,2.250860558711383e-11,0.039999997520434344,0.039999999836774526,[0.0; 0.0; 0.0; 0.0; 0.0; 0.0; 0.0; 0.0; 0.0; 0.0; 0.0; 0.16001205812943325; -0.0034061848730272946; -0.044154217111307924; 0.03469486591794727; 0.06348412871959418; -0.0725994153978942; 0.006239362057226312; -0.01309073480217681; 0.015358514789352826; -0.03852427649596979]
3,2,6,2,2,0.4,8.256211507,true,7.362886465313894e-14,0.03999999788420441,0.03999999978677567,[0.0; 0.0; 0.0; 0.0; 0.0; 0.0; 0.0; 0.0; 0.0; 0.0; 0.0; -0.04528912231225312; 0.10252911841300419; -0.01929349070311165; 0.05546042897972636; 0.057198254018266295; -0.0810729888645371; 0.04017935368435316; 0.061198768878961085; -0.08893802977128104; 0.02957134780415041]
4,2,6,2,2,0.4,7.823951565,true,6.416292446892231e-11,0.03999999723318382,0.04000000020606808,[0.0; 0.0; 0.0; 0.0; 0.0; 0.0; 0.0; 0.0; 0.0; 0.0; 0.0; -0.09173960034497887; 0.09956541853042268; -0.06473679855672293; -0.037995232770599796; -0.06384216150824013; -0.0322932832971794; -0.06663657805718515; -0.06564925205568227; -0.0026897827433170953; -0.04647485198185522]
