id,d,n,m,K,ε,time,exact,sqerror,optval,dist_after_rounding,ν
1,2,7,1,2,0.4,0.092511925,true,7.644337811342713e-12,0.03999997872016117,0.03999999976246155,[0.0; 0.0; 0.0; 0.0; 0.0; 0.0; 0.0; 0.003036115823584318; 0.03520567321762874; 0.018741962640278217; -0.05541373724939868; -0.054852069785392456; 0.05388363631108896; -0.042197859132558004; -0.022433565160474556; -0.008618591845994282; 0.07085769567057569; -0.013491737989959007; 0.02143313611920021; -0.02482742554479412; 0.02947503551024539; -0.0840169357471982; -0.024915835706425846; 0.08020220162796873; -0.04945720704057325; 0.04994196225240653; -0.02918334694539784; -0.0027714124154112063]
2,2,7,1,2,0.4,0.099786839,true,2.5220837944939432e-12,0.039999983220983616,0.039999999816901145,[0.0; 0.0; 0.0; 0.0; 0.0; 0.0; 0.0; -0.0029298563878365777; 0.04508816242420197; -0.037131816609686896; 0.06680500129599075; -0.08521773559411973; 0.047940051421933444; -0.03384172426856976; 0.0016466830925496992; -0.011692046223057615; 0.029866692551385285; -0.005605267483995577; 0.05961817509998522; 0.016820480499532924; -0.027004355603939795; 0.05954903649075497; -0.07243920004545577; -0.008784070504284243; 0.03413626513278925; -0.0056374744080794105; 0.02935417892539438; 0.06965957888510142]
3,2,7,1,2,0.4,0.096486863,true,2.062834056576166e-16,0.039999993720465234,0.04000000004080753,[0.0; 0.0; 0.0; 0.0; 0.0; 0.0; 0.0; 0.09922795484302244; -0.0003539996778118384; 0.0565018872756872; -0.04561661871467864; -0.02519494098701668; 0.02544189485921949; 0.037737475252374815; 0.014506762556154545; -0.029066612592210363; 0.0028529149419464373; -0.005756144098506887; -0.019980295292918945; 0.02878369559966991; -0.023951196434299795; 0.05966295416108396; 0.030147196722585645; 0.01726794042049602; -0.01717668448657268; 0.11423601496076502; -0.018338092919914718; 0.02878023989836221]
4,2,7,1,2,0.4,0.093934693,true,2.4573669668533445e-12,0.039999981110382124,0.039999999725317564,[0.0; 0.0; 0.0; 0.0; 0.0; 0.0; 0.0; 0.023732204773542164; -0.06028859144740444; 0.005275468201455106; 0.07067173119913199; 0.04019978936839527; -0.04476855689654555; 0.09312749732233677; 0.012143409036417533; 0.07464286707242122; -0.005985370307836041; 0.06190341573395374; -0.019849823110013428; -0.010821009455961782; -0.028512839879369097; -0.025391291930509083; -0.0052905120658200905; 0.031352109907662344; -0.03137815935442845; 0.006883837581088705; -0.0528378787154504; -0.04578556209022606]
